id,county,finalclub_trend_lg_gdp_predicted
520502,七星关区,1
130708,万全区,1
469006,万宁市,1
520603,万山区,1
500101,万州区,1
350403,三元区,1
610422,三原县,1
510722,三台县,1
440607,三水区,1
331022,三门县,1
140404,上党区,1
330102,上城区,1
350823,上杭县,1
360322,上栗县,1
411722,上蔡县,1
330604,上虞区,1
360923,上高县,1
130706,下花园区,1
420204,下陆区,1
130403,丛台区,1
120110,东丽区,1
361003,东乡区,1
511011,东兴区,1
450681,东兴市,1
320981,东台市,1
511402,东坡区,1
110101,东城区,1
231002,东安区,1
420802,东宝区,1
350626,东山县,1
469007,东方市,1
371502,东昌府区,1
371728,东明县,1
320722,东海县,1
371102,东港区,1
360102,东湖区,1
150602,东胜区,1
441900,东莞市,1
370502,东营区,1
420112,东西湖区,1
330783,东阳市,1
230805,东风区,1
210202,中山区,1
442000,中山市,1
431221,中方县,1
510623,中江县,1
410122,中牟县,1
410803,中站区,1
130207,丰南区,1
320321,丰县,1
110106,丰台区,1
220211,丰满区,1
500230,丰都县,1
130522,临城县,1
330112,临安区,1
361002,临川区,1
330113,临平区,1
450312,临桂区,1
341221,临泉县,1
331082,临海市,1
370305,临淄区,1
610502,临渭区,1
430682,临湘市,1
610115,临潼区,1
430724,临澧县,1
411122,临颍县,1
469024,临高县,1
522636,丹寨县,1
321112,丹徒区,1
511424,丹棱县,1
321181,丹阳市,1
330782,义乌市,1
340706,义安区,1
411281,义马市,1
150626,乌审旗,1
650205,乌尔禾区,1
520112,乌当区,1
654202,乌苏市,1
650121,乌鲁木齐县,1
469027,乐东黎族自治县,1
130225,乐亭县,1
360281,乐平市,1
330382,乐清市,1
512022,乐至县,1
630202,乐都区,1
500107,九龙坡区,1
520330,习水县,1
220105,二道区,1
210114,于洪区,1
360731,于都县,1
140214,云冈区,1
331125,云和县,1
445303,云安区,1
140215,云州区,1
430603,云溪区,1
350622,云霄县,1
320303,云龙区,1
630223,互助土族自治县,1
659004,五家渠市,1
469001,五指山市,1
340322,五河县,1
511112,五通桥区,1
511124,井研县,1
130121,井陉县,1
130107,井陉矿区,1
321102,京口区,1
320902,亭湖区,1
510682,什邡市,1
440224,仁化县,1
511421,仁寿县,1
520382,仁怀市,1
440117,从化区,1
350104,仓山区,1
331024,仙居县,1
429004,仙桃市,1
350322,仙游县,1
321081,仪征市,1
511324,仪陇县,1
370811,任城区,1
130505,任泽区,1
654002,伊宁市,1
150627,伊金霍洛旗,1
420503,伍家岗区,1
330281,余姚市,1
520329,余庆县,1
330110,余杭区,1
360603,余江区,1
441821,佛冈县,1
469029,保亭黎族苗族自治县,1
361102,信州区,1
130503,信都区,1
520123,修文县,1
410312,偃师区,1
460400,儋州市,1
130132,元氏县,1
650203,克拉玛依区,1
360729,全南县,1
341124,全椒县,1
340405,八公山区,1
451102,八步区,1
220184,公主岭市,1
320116,六合区,1
520203,六枝特区,1
371302,兰山区,1
330781,兰溪市,1
410225,兰考县,1
371324,兰陵县,1
360482,共青城市,1
520424,关岭布依族苗族自治县,1
450924,兴业县,1
522301,兴义市,1
522302,兴仁市,1
321281,兴化市,1
450102,兴宁区,1
230405,兴安区,1
451302,兴宾区,1
610481,兴平市,1
511528,兴文县,1
211103,兴隆台区,1
410527,内黄县,1
371525,冠县,1
431381,冷水江市,1
431103,冷水滩区,1
150622,准格尔旗,1
340421,凤台县,1
610322,凤翔区,1
341126,凤阳县,1
451481,凭祥市,1
522601,凯里市,1
360521,分宜县,1
510802,利州区,1
230804,前进区,1
511603,前锋区,1
532931,剑川县,1
520326,务川仡佬族苗族自治县,1
610725,勉县,1
340111,包河区,1
440982,化州市,1
330206,北仑区,1
430511,北塔区,1
659005,北屯市,1
130304,北戴河区,1
431002,北湖区,1
500109,北碚区,1
120113,北辰区,1
210311,千山区,1
350629,华安县,1
420703,华容区,1
610503,华州区,1
621023,华池县,1
511681,华蓥市,1
410923,南乐县,1
220102,南关区,1
130506,南和区,1
350583,南安市,1
440305,南山区,1
230404,南山区,1
230103,南岗区,1
430412,南岳区,1
500108,南岸区,1
500119,南川区,1
120104,南开区,1
360121,南昌县,1
520102,南明区,1
440115,南沙区,1
330503,南浔区,1
330402,南湖区,1
511503,南溪区,1
440523,南澳县,1
341103,南谯区,1
610703,南郑区,1
340223,南陵县,1
440282,南雄市,1
350627,南靖县,1
652701,博乐市,1
371625,博兴县,1
340506,博望区,1
410822,博爱县,1
441322,博罗县,1
130324,卢龙县,1
370215,即墨区,1
370102,历下区,1
370112,历城区,1
410725,原阳县,1
211102,双台子区,1
211302,双塔区,1
431321,双峰县,1
130802,双桥区,1
510116,双流区,1
430502,双清区,1
130803,双滦区,1
220112,双阳区,1
511504,叙州区,1
130204,古冶区,1
530702,古城区,1
350922,古田县,1
321183,句容市,1
411104,召陵区,1
370405,台儿庄区,1
410927,台前县,1
451002,右江区,1
410422,叶县,1
341504,叶集区,1
500117,合川区,1
621024,合水县,1
360821,吉安县,1
360802,吉州区,1
652327,吉木萨尔县,1
460203,吉阳区,1
433101,吉首市,1
350212,同安区,1
511803,名山区,1
230402,向阳区,1
230803,向阳区,1
430611,君山区,1
340522,含山县,1
320681,启东市,1
320506,吴中区,1
330502,吴兴区,1
440883,吴川市,1
320509,吴江区,1
530114,呈贡区,1
350925,周宁县,1
370306,周村区,1
340523,和县,1
120101,和平区,1
421202,咸安区,1
320921,响水县,1
330421,嘉善县,1
310114,嘉定区,1
370829,嘉祥县,1
431024,嘉禾县,1
511304,嘉陵区,1
421221,嘉鱼县,1
441284,四会市,1
421121,团风县,1
340323,固镇县,1
659003,图木舒克市,1
370704,坊子区,1
440804,坡头区,1
370505,垦利区,1
500231,垫江县,1
341302,埇桥区,1
630102,城东区,1
450202,城中区,1
630103,城中区,1
540102,城关区,1
630105,城北区,1
441502,城区,1
350302,城厢区,1
610722,城固县,1
630104,城西区,1
370214,城阳区,1
540103,堆龙德庆区,1
654201,塔城市,1
440118,增城区,1
130404,复兴区,1
320904,大丰区,1
110115,大兴区,1
420281,大冶市,1
131028,大厂回族自治县,1
510304,大安区,1
520521,大方县,1
211104,大洼区,1
500104,大渡口区,1
350425,大田县,1
430503,大祥区,1
511724,大竹县,1
510923,大英县,1
340803,大观区,1
500111,大足区,1
340402,大通区,1
510129,大邑县,1
430211,天元区,1
331023,天台县,1
320402,天宁区,1
650102,天山区,1
430103,天心区,1
370105,天桥区,1
440106,天河区,1
460204,天涯区,1
341181,天长市,1
429006,天门市,1
320585,太仓市,1
210711,太和区,1
341222,太和县,1
211011,太子河区,1
210904,太平区,1
411627,太康县,1
340825,太湖县,1
650106,头屯河区,1
420506,夷陵区,1
511126,夹江县,1
330213,奉化区,1
500236,奉节县,1
310120,奉贤区,1
370705,奎文区,1
320623,如东县,1
320682,如皋市,1
320508,姑苏区,1
321204,姜堰区,1
511024,威远县,1
431302,娄星区,1
330702,婺城区,1
420921,孝昌县,1
410883,孟州市,1
410306,孟津区,1
430182,宁乡市,1
350424,宁化县,1
513427,宁南县,1
341881,宁国市,1
130528,宁晋县,1
220702,宁江区,1
120117,宁河区,1
330226,宁海县,1
431126,宁远县,1
411423,宁陵县,1
360123,安义县,1
430721,安乡县,1
330523,安吉县,1
130683,安国市,1
610603,安塞区,1
530181,安宁市,1
510904,安居区,1
512021,安岳县,1
510705,安州区,1
131002,安次区,1
360302,安源区,1
350524,安溪县,1
522328,安龙县,1
211004,宏伟区,1
530111,官渡区,1
360728,定南县,1
469021,定安县,1
330902,定海区,1
610825,定边县,1
371703,定陶区,1
360924,宜丰县,1
320282,宜兴市,1
451203,宜州区,1
340811,宜秀区,1
431022,宜章县,1
420581,宜都市,1
410327,宜阳县,1
410421,宝丰县,1
120115,宝坻区,1
610602,宝塔区,1
310113,宝山区,1
321023,宝应县,1
341802,宣州区,1
511722,宣汉县,1
130629,容城县,1
220103,宽城区,1
130827,宽城满族自治县,1
450126,宾阳县,1
321302,宿城区,1
321311,宿豫区,1
610628,富县,1
330111,富阳区,1
510322,富顺县,1
370703,寒亭区,1
370783,寿光市,1
350924,寿宁县,1
510981,射洪市,1
320924,射阳县,1
350428,将乐县,1
410223,尉氏县,1
140105,小店区,1
632322,尖扎县,1
350426,尤溪县,1
350923,屏南县,1
341002,屯溪区,1
140405,屯留区,1
370406,山亭区,1
130303,山海关区,1
610323,岐山县,1
371103,岚山区,1
330921,岱山县,1
370911,岱岳区,1
430304,岳塘区,1
511621,岳池县,1
430621,岳阳县,1
430602,岳阳楼区,1
430104,岳麓区,1
370404,峄城区,1
511181,峨眉山市,1
130406,峰峰矿区,1
370212,崂山区,1
361024,崇仁县,1
320602,崇川区,1
510184,崇州市,1
310151,崇明区,1
460205,崖州区,1
330683,嵊州市,1
330922,嵊泗县,1
530127,嵩明县,1
340181,巢湖市,1
230403,工农区,1
410181,巩义市,1
500113,巴南区,1
540402,巴宜区,1
511902,巴州区,1
370103,市中区,1
511102,市中区,1
370402,市中区,1
511002,市中区,1
370203,市北区,1
370202,市南区,1
430482,常宁市,1
330822,常山县,1
320581,常熟市,1
130532,平乡县,1
450821,平南县,1
350628,平和县,1
520403,平坝区,1
140213,平城区,1
630203,平安区,1
210502,平山区,1
230108,平房区,1
451082,平果市,1
451103,平桂区,1
411503,平桥区,1
130881,平泉市,1
330482,平湖市,1
350128,平潭县,1
411723,平舆县,1
110117,平谷区,1
330326,平阳县,1
370124,平阴县,1
140603,平鲁区,1
361104,广信区,1
511602,广安区,1
341882,广德市,1
510681,广汉市,1
131003,广阳区,1
321002,广陵区,1
370523,广饶县,1
360483,庐山市,1
340124,庐江县,1
340103,庐阳区,1
652801,库尔勒市,1
420981,应城市,1
610822,府谷县,1
150603,康巴什区,1
440881,廉江市,1
350702,延平区,1
110119,延庆区,1
610621,延长县,1
230203,建华区,1
350430,建宁县,1
411003,建安区,1
330182,建德市,1
320925,建湖县,1
350783,建瓯市,1
320105,建邺区,1
350703,建阳区,1
500154,开州区,1
130205,开平区,1
511723,开江县,1
430105,开福区,1
520121,开阳县,1
340209,弋江区,1
320582,张家港市,1
370303,张店区,1
420303,张湾区,1
532504,弥勒市,1
340521,当涂县,1
420582,当阳市,1
610482,彬州市,1
511403,彭山区,1
510182,彭州市,1
360430,彭泽县,1
130609,徐水区,1
310104,徐汇区,1
370826,微山县,1
350526,德化县,1
371402,德城区,1
360426,德安县,1
441226,德庆县,1
520626,德江县,1
330521,德清县,1
140681,怀仁市,1
340822,怀宁县,1
340321,怀远县,1
520624,思南县,1
511903,恩阳区,1
520122,息烽县,1
441323,惠东县,1
350521,惠安县,1
320206,惠山区,1
445224,惠来县,1
371621,惠民县,1
522731,惠水县,1
441303,惠阳区,1
330282,慈溪市,1
510108,成华区,1
130424,成安县,1
110111,房山区,1
321182,扬中市,1
451421,扶绥县,1
610324,扶风县,1
130306,抚宁区,1
330105,拱墅区,1
420804,掇刀区,1
445203,揭东区,1
445222,揭西县,1
520304,播州区,1
211003,文圣区,1
532601,文山市,1
330328,文成县,1
469005,文昌市,1
440403,斗门区,1
440705,新会区,1
445321,新兴县,1
320411,新北区,1
130902,新华区,1
130105,新华区,1
320214,新吴区,1
610102,新城区,1
410323,新安县,1
410183,新密市,1
650104,新市区,1
360112,新建区,1
330624,新昌县,1
659011,新星市,1
431227,新晃侗族自治县,1
320381,新沂市,1
510118,新津区,1
420117,新洲区,1
350802,新罗区,1
411729,新蔡县,1
210903,新邱区,1
430522,新邵县,1
410184,新郑市,1
510114,新都区,1
411322,方城县,1
210212,旅顺口区,1
510603,旌阳区,1
340281,无为市,1
371623,无棣县,1
320583,昆山市,1
659009,昆玉市,1
110114,昌平区,1
360202,昌江区,1
469026,昌江黎族自治县,1
370786,昌邑市,1
130322,昌黎县,1
341182,明光市,1
210504,明山区,1
530602,昭阳区,1
530115,晋宁区,1
350111,晋安区,1
130183,晋州市,1
445281,普宁市,1
520422,普定县,1
310107,普陀区,1
330903,普陀区,1
130209,曹妃甸区,1
421303,曾都区,1
360602,月湖区,1
430112,望城区,1
340827,望江县,1
220104,朝阳区,1
110105,朝阳区,1
610112,未央区,1
370213,李沧区,1
340602,杜集区,1
422827,来凤县,1
341122,来安县,1
310110,杨浦区,1
610403,杨陵区,1
230109,松北区,1
310117,松江区,1
350724,松溪县,1
331124,松阳县,1
420583,枝江市,1
350926,柘荣县,1
330802,柯城区,1
330603,柯桥区,1
450205,柳北区,1
450204,柳南区,1
450206,柳江区,1
360404,柴桑区,1
320113,栖霞区,1
130111,栾城区,1
450881,桂平市,1
131102,桃城区,1
230903,桃山区,1
330483,桐乡市,1
340881,桐城市,1
330122,桐庐县,1
520322,桐梓县,1
370321,桓台县,1
130702,桥东区,1
130104,桥西区,1
130703,桥西区,1
420702,梁子湖区,1
500155,梁平区,1
320213,梁溪区,1
510725,梓潼县,1
331002,椒江区,1
532301,楚雄市,1
610802,榆阳区,1
370104,槐荫区,1
420606,樊城区,1
360982,樟树市,1
610803,横山区,1
361125,横峰县,1
450127,横州市,1
520324,正安县,1
130123,正定县,1
411724,正阳县,1
330723,武义县,1
430581,武冈市,1
610431,武功县,1
350782,武夷山市,1
451323,武宣县,1
350824,武平县,1
420106,武昌区,1
440203,武江区,1
120114,武清区,1
421182,武穴市,1
511622,武胜县,1
320412,武进区,1
131122,武邑县,1
410823,武陟县,1
430702,武陵区,1
450110,武鸣区,1
411421,民权县,1
530681,水富市,1
650105,水磨沟区,1
360425,永修县,1
330324,永嘉县,1
411481,永城市,1
640121,永宁县,1
350481,永安市,1
430802,永定区,1
350803,永定区,1
500118,永川区,1
130408,永年区,1
330784,永康市,1
350525,永春县,1
350125,永泰县,1
131023,永清县,1
520303,汇川区,1
420113,汉南区,1
610702,汉台区,1
420984,汉川市,1
511823,汉源县,1
610902,汉滨区,1
420105,汉阳区,1
411727,汝南县,1
410482,汝州市,1
410326,汝阳县,1
500105,江北区,1
330205,江北区,1
450105,江南区,1
441702,江城区,1
420115,江夏区,1
320115,江宁区,1
511523,江安县,1
420102,江岸区,1
451402,江州区,1
420103,江汉区,1
510781,江油市,1
500116,江津区,1
321012,江都区,1
510502,江阳区,1
320281,江阴市,1
421024,江陵县,1
410523,汤阴县,1
430681,汨罗市,1
370830,汶上县,1
410882,沁阳市,1
371321,沂南县,1
411624,沈丘县,1
210113,沈北新区,1
511129,沐川县,1
650103,沙依巴克区,1
350427,沙县区,1
500106,沙坪坝区,1
421002,沙市区,1
511111,沙湾区,1
652924,沙雅县,1
320322,沛县,1
130921,沧县,1
371312,河东区,1
120102,河东区,1
120105,河北区,1
120103,河西区,1
371603,沾化区,1
530303,沾益区,1
520627,沿河土家族自治县,1
510311,沿滩区,1
320311,泉山区,1
350505,泉港区,1
411726,泌阳县,1
341324,泗县,1
321323,泗阳县,1
321283,泰兴市,1
360826,泰和县,1
370902,泰山区,1
330329,泰顺县,1
510521,泸县,1
341823,泾县,1
610423,泾阳县,1
410328,洛宁县,1
350504,洛江区,1
410311,洛龙区,1
330305,洞头区,1
120112,津南区,1
430781,津市市,1
420111,洪山区,1
320813,洪泽区,1
421083,洪湖市,1
511423,洪雅县,1
370115,济阳区,1
430181,浏阳市,1
210112,浑南区,1
360403,浔阳区,1
410621,浚县,1
310115,浦东新区,1
320111,浦口区,1
330726,浦江县,1
360222,浮梁县,1
441521,海丰县,1
450502,海城区,1
330481,海宁市,1
320685,海安市,1
210902,海州区,1
320706,海州区,1
330203,海曙区,1
460202,海棠区,1
350205,海沧区,1
110108,海淀区,1
130302,海港区,1
330424,海盐县,1
320684,海门区,1
321202,海陵区,1
320826,涟水县,1
431382,涟源市,1
321111,润州区,1
510703,涪城区,1
500102,涪陵区,1
350303,涵江区,1
410622,淇县,1
410611,淇滨区,1
340311,淮上区,1
320803,淮安区,1
411603,淮阳区,1
320804,淮阴区,1
131182,深州市,1
330127,淳安县,1
410922,清丰县,1
441802,清城区,1
441803,清新区,1
320812,清江浦区,1
130608,清苑区,1
520181,清镇市,1
430212,渌口区,1
500103,渝中区,1
500112,渝北区,1
360502,渝水区,1
511725,渠县,1
410825,温县,1
331081,温岭市,1
510115,温江区,1
610404,渭城区,1
610302,渭滨区,1
450803,港南区,1
450602,港口区,1
510704,游仙区,1
520328,湄潭县,1
360429,湖口县,1
430381,湘乡市,1
430321,湘潭县,1
430624,湘阴县,1
630106,湟中区,1
340210,湾沚区,1
320117,溧水区,1
320481,溧阳市,1
210503,溪湖区,1
130607,满城区,1
130224,滦南县,1
130284,滦州市,1
371602,滨城区,1
330108,滨江区,1
120116,滨海新区,1
320211,滨湖区,1
350881,漳平市,1
350623,漳浦县,1
370702,潍城区,1
340406,潘集区,1
340882,潜山市,1
429005,潜江市,1
140406,潞城区,1
500152,潼南区,1
530481,澄江市,1
469023,澄迈县,1
430723,澧县,1
360402,濂溪区,1
440512,濠江区,1
410928,濮阳县,1
320724,灌南县,1
610111,灞桥区,1
211081,灯塔市,1
450323,灵川县,1
640181,灵武市,1
140729,灵石县,1
420504,点军区,1
340604,烈山区,1
370612,牟平区,1
371702,牡丹区,1
511123,犍为县,1
522726,独山县,1
650202,独山子区,1
420505,猇亭区,1
320102,玄武区,1
520622,玉屏侗族自治县,1
450902,玉州区,1
331083,玉环市,1
130229,玉田县,1
610202,王益区,1
371002,环翠区,1
511526,珙县,1
360203,珠山区,1
430405,珠晖区,1
341102,琅琊区,1
469002,琼海市,1
330381,瑞安市,1
360481,瑞昌市,1
340102,瑶海区,1
500120,璧山区,1
522725,瓮安县,1
330304,瓯海区,1
210211,甘井子区,1
451022,田东县,1
340403,田家庵区,1
451003,田阳区,1
440904,电白区,1
341282,界首市,1
520113,白云区,1
150206,白云鄂博矿区,1
620122,皋兰县,1
510723,盐亭县,1
640323,盐池县,1
440308,盐田区,1
320903,盐都区,1
211122,盘山县,1
520281,盘州市,1
320830,盱眙县,1
320507,相城区,1
340603,相山区,1
610326,眉县,1
320324,睢宁县,1
430204,石峰区,1
150205,石拐区,1
110107,石景山区,1
500240,石柱土家族自治县,1
511824,石棉县,1
659001,石河子市,1
350581,石狮市,1
430407,石鼓区,1
341321,砀山县,1
420104,硚口区,1
411725,确山县,1
610103,碑林区,1
520602,碧江区,1
330727,磐安县,1
431121,祁阳市,1
610881,神木市,1
410212,祥符区,1
350981,福安市,1
370611,福山区,1
522702,福泉市,1
350181,福清市,1
440304,福田区,1
450903,福绵区,1
350982,福鼎市,1
340304,禹会区,1
411081,禹州市,1
500241,秀山土家族苗族自治县,1
350305,秀屿区,1
330411,秀洲区,1
460105,秀英区,1
150502,科尔沁区,1
320104,秦淮区,1
610402,秦都区,1
130602,竞秀区,1
370114,章丘区,1
360702,章贡区,1
510185,简阳市,1
410104,管城回族区,1
650109,米东区,1
510421,米易县,1
520425,紫云苗族布依族自治县,1
500110,綦江区,1
340211,繁昌区,1
230605,红岗区,1
120106,红桥区,1
520302,红花岗区,1
360113,红谷滩区,1
510503,纳溪区,1
210911,细河区,1
520524,织金县,1
530626,绥江县,1
520323,绥阳县,1
341824,绩溪县,1
510683,绵竹市,1
220106,绿园区,1
331122,缙云县,1
530324,罗平县,1
371311,罗庄区,1
510604,罗江区,1
350123,罗源县,1
460108,美兰区,1
440229,翁源县,1
350213,翔安区,1
511502,翠屏区,1
610204,耀州区,1
420682,老河口市,1
210811,老边区,1
130926,肃宁县,1
340122,肥东县,1
130407,肥乡区,1
340123,肥西县,1
370281,胶州市,1
510302,自流井区,1
341523,舒城县,1
510903,船山区,1
220204,船营区,1
450108,良庆区,1
350602,芗城区,1
430102,芙蓉区,1
370602,芝罘区,1
511826,芦山县,1
430203,芦淞区,1
360323,芦溪县,1
340503,花山区,1
520111,花溪区,1
440114,花都区,1
330327,苍南县,1
510824,苍溪县,1
431003,苏仙区,1
210111,苏家屯区,1
320571,苏州工业园区,1
441881,英德市,1
410926,范县,1
420302,茅箭区,1
371503,茌平区,1
421003,荆州区,1
350304,荔城区,1
450381,荔浦市,1
510321,荣县,1
500153,荣昌区,1
511822,荥经县,1
410182,荥阳市,1
430202,荷塘区,1
371327,莒南县,1
371522,莘县,1
370613,莱山区,1
370116,莱芜区,1
130606,莲池区,1
610104,莲湖区,1
331102,莲都区,1
410724,获嘉县,1
511322,营山县,1
341322,萧县,1
330109,萧山区,1
230602,萨尔图区,1
341622,蒙城县,1
532503,蒙自市,1
510131,蒲江县,1
430408,蒸湘区,1
610122,蓝田县,1
120119,蓟州区,1
511323,蓬安县,1
510921,蓬溪县,1
370614,蓬莱区,1
420114,蔡甸区,1
350902,蕉城区,1
370403,薛城区,1
130109,藁城区,1
450422,藤县,1
320505,虎丘区,1
411425,虞城县,1
310109,虹口区,1
340303,蚌山区,1
340104,蜀山区,1
430422,衡南县,1
430423,衡山县,1
330803,衢江区,1
360902,袁州区,1
130108,裕华区,1
341503,裕安区,1
420602,襄城区,1
411025,襄城县,1
420607,襄州区,1
130502,襄都区,1
511325,西充县,1
110102,西城区,1
420203,西塞山区,1
640105,西夏区,1
220403,西安区,1
621002,西峰区,1
210803,西市区,1
411721,西平县,1
360103,西湖区,1
330106,西湖区,1
520402,西秀区,1
420502,西陵区,1
120111,西青区,1
450804,覃塘区,1
520115,观山湖区,1
230604,让胡路区,1
350624,诏安县,1
330681,诸暨市,1
340404,谢家集区,1
341602,谯城区,1
330225,象山县,1
451322,象州县,1
522325,贞丰县,1
510303,贡井区,1
522723,贵定县,1
341702,贵池区,1
360681,贵溪市,1
371325,费县,1
320305,贾汪区,1
511025,资中县,1
430902,资阳区,1
150105,赛罕区,1
360704,赣县区,1
320707,赣榆区,1
421281,赤壁市,1
520381,赤水市,1
430903,赫山区,1
330602,越城区,1
440104,越秀区,1
130203,路北区,1
130202,路南区,1
331004,路桥区,1
540104,达孜区,1
130227,迁西县,1
340802,迎江区,1
130903,运河区,1
420525,远安县,1
320703,连云区,1
350825,连城县,1
350122,连江县,1
511702,通川区,1
110112,通州区,1
320612,通州区,1
411728,遂平县,1
331123,遂昌县,1
440823,遂溪县,1
230104,道外区,1
520325,道真仡佬族苗族自治县,1
230102,道里区,1
411381,邓州市,1
450109,邕宁区,1
321003,邗江区,1
510183,邛崃市,1
130402,邯山区,1
320382,邳州市,1
430582,邵东市,1
350781,邵武市,1
371681,邹平市,1
511623,邻水县,1
340711,郊区,1
341821,郎溪县,1
371725,郓城县,1
510117,郫都区,1
371322,郯城县,1
411625,郸城县,1
522701,都匀市,1
510181,都江堰市,1
420704,鄂城区,1
330212,鄞州区,1
610118,鄠邑区,1
411024,鄢陵县,1
430281,醴陵市,1
330703,金东区,1
610303,金台区,1
320413,金坛区,1
451202,金城江区,1
510121,金堂县,1
341502,金安区,1
341524,金寨县,1
310116,金山区,1
210213,金州区,1
520523,金沙县,1
320831,金湖县,1
440404,金湾区,1
350527,金门县,1
520201,钟山区,1
451122,钟山县,1
320404,钟楼区,1
450702,钦南区,1
330114,钱塘区,1
220303,铁东区,1
420205,铁山区,1
450512,铁山港区,1
211221,铁岭县,1
220302,铁西区,1
230204,铁锋区,1
659006,铁门关市,1
361124,铅山县,1
340705,铜官区,1
320312,铜山区,1
500151,铜梁区,1
211202,银州区,1
450503,银海区,1
320205,锡山区,1
152502,锡林浩特市,1
510104,锦江区,1
520423,镇宁布依族苗族自治县,1
330211,镇海区,1
522625,镇远县,1
340202,镜湖区,1
340121,长丰县,1
350112,长乐区,1
330522,长兴县,1
410783,长垣市,1
140428,长子县,1
310105,长宁区,1
511524,长宁县,1
130102,长安区,1
610116,长安区,1
500115,长寿区,1
610428,长武县,1
430121,长沙县,1
350625,长泰区,1
450405,长洲区,1
370113,长清区,1
411082,长葛市,1
522729,长顺县,1
310112,闵行区,1
350121,闽侯县,1
350124,闽清县,1
511381,阆中市,1
610114,阎良区,1
341225,阜南县,1
320923,阜宁县,1
652302,阜康市,1
450603,防城区,1
441704,阳东区,1
371622,阳信县,1
420222,阳新县,1
450321,阳朔县,1
441721,阳西县,1
371521,阳谷县,1
652702,阿拉山口市,1
441581,陆丰市,1
450922,陆川县,1
441523,陆河县,1
610304,陈仓区,1
411203,陕州区,1
371403,陵城区,1
469028,陵水黎族自治县,1
511083,隆昌市,1
610113,雁塔区,1
450311,雁山区,1
430406,雁峰区,1
512002,雁江区,1
350211,集美区,1
511802,雨城区,1
340504,雨山区,1
430302,雨湖区,1
430111,雨花区,1
320114,雨花台区,1
431102,零陵区,1
654004,霍尔果斯市,1
150581,霍林郭勒市,1
341522,霍邱县,1
350921,霞浦县,1
360104,青云谱区,1
360803,青原区,1
420107,青山区,1
360111,青山湖区,1
310118,青浦区,1
331121,青田县,1
510113,青白江区,1
511425,青神县,1
450103,青秀区,1
341723,青阳县,1
321282,靖江市,1
451081,靖西市,1
610824,靖边县,1
310106,静安区,1
120118,静海区,1
430382,韶山市,1
110113,顺义区,1
210411,顺城区,1
511302,顺庆区,1
350721,顺昌县,1
341226,颍上县,1
341203,颍东区,1
341202,颍州区,1
341204,颍泉区,1
445122,饶平县,1
131124,饶阳县,1
230110,香坊区,1
131024,香河县,1
440402,香洲区,1
350105,马尾区,1
530304,马龙区,1
411702,驿城区,1
511525,高县,1
511303,高坪区,1
360983,高安市,1
440981,高州市,1
440608,高明区,1
320118,高淳区,1
321203,高港区,1
441204,高要区,1
130127,高邑县,1
321084,高邮市,1
610117,高陵区,1
450203,鱼峰区,1
530621,鲁甸县,1
210804,鲅鱼圈区,1
340207,鸠江区,1
230302,鸡冠区,1
130431,鸡泽县,1
431202,鹤城区,1
130804,鹰手营子矿区,1
330302,鹿城区,1
450223,鹿寨县,1
130110,鹿泉区,1
411628,鹿邑县,1
530302,麒麟区,1
421181,麻城市,1
522635,麻江县,1
440811,麻章区,1
440112,黄埔区,1
370211,黄岛区,1
331003,黄岩区,1
421102,黄州区,1
310101,黄浦区,1
420202,黄石港区,1
420116,黄陂区,1
610632,黄陵县,1
130983,黄骅市,1
500114,黔江区,1
520522,黔西市,1
430703,鼎城区,1
441203,鼎湖区,1
320106,鼓楼区,1
320302,鼓楼区,1
350102,鼓楼区,1
371425,齐河县,1
410202,龙亭区,1
230603,龙凤区,1
460106,龙华区,1
360783,龙南市,1
450406,龙圩区,1
211303,龙城区,1
340302,龙子湖区,1
220402,龙山区,1
350603,龙文区,1
230202,龙沙区,1
331181,龙泉市,1
510112,龙泉驿区,1
350681,龙海区,1
211403,龙港区,1
330383,龙港市,1
330825,龙游县,1
330303,龙湾区,1
522730,龙里县,1
441324,龙门县,1
510504,龙马潭区,1
450305,七星区,2
620103,七里河区,2
361129,万年县,2
140109,万柏林区,2
511781,万源市,2
450403,万秀区,2
360922,万载县,2
450226,三江侗族自治县,2
131082,三河市,2
522624,三穗县,2
522732,三都水族自治县,2
450621,上思县,2
450125,上林县,2
360724,上犹县,2
410106,上街区,2
220421,东丰县,2
152525,东乌珠穆沁旗,2
130923,东光县,2
510402,东区,2
431122,东安县,2
530113,东川区,2
370923,东平县,2
220502,东昌区,2
150202,东河区,2
210403,东洲区,2
210681,东港市,2
441625,东源县,2
341721,东至县,2
220422,东辽县,2
371524,东阿县,2
532501,个旧市,2
410102,中原区,2
640521,中宁县,2
141129,中阳县,2
360981,丰城市,2
130826,丰宁满族自治县,2
350503,丰泽区,2
130208,丰润区,2
441423,丰顺县,2
141124,临县,2
622921,临夏县,2
622901,临夏市,2
370724,临朐县,2
431025,临武县,2
371329,临沭县,2
620723,临泽县,2
621124,临洮县,2
371581,临清市,2
130423,临漳县,2
140821,临猗县,2
530902,临翔区,2
130535,临西县,2
371424,临邑县,2
611022,丹凤县,2
420381,丹江口市,2
540502,乃东区,2
210727,义县,2
632821,乌兰县,2
152201,乌兰浩特市,2
150824,乌拉特中旗,2
150823,乌拉特前旗,2
150825,乌拉特后旗,2
150304,乌达区,2
451028,乐业县,2
361025,乐安县,2
440281,乐昌市,2
371481,乐陵市,2
150207,九原区,2
220113,九台区,2
513225,九寨沟县,2
141029,乡宁县,2
440232,乳源瑶族自治县,2
610424,乾县,2
220723,乾安县,2
410103,二七区,2
152501,二连浩特市,2
220503,二道江区,2
445302,云城区,2
520103,云岩区,2
420923,云梦县,2
500235,云阳县,2
530102,五华区,2
441424,五华县,2
140928,五寨县,2
420529,五峰土家族自治县,2
371121,五莲县,2
360881,井冈山市,2
141130,交口县,2
420882,京山市,2
510411,仁和区,2
140781,介休市,2
522633,从江县,2
140923,代县,2
130982,任丘市,2
650522,伊吾县,2
654021,伊宁县,2
410329,伊川县,2
650502,伊州区,2
220323,伊通满族自治县,2
341022,休宁县,2
513426,会东县,2
431225,会同县,2
360733,会昌县,2
530326,会泽县,2
513425,会理市,2
653129,伽师县,2
361127,余干县,2
610828,佳县,2
141081,侯马市,2
420626,保康县,2
140931,保德县,2
433125,保靖县,2
360722,信丰县,2
440983,信宜市,2
410821,修武县,2
210602,元宝区,2
150403,元宝山区,2
530428,元江哈尼族彝族傣族自治县,2
532328,元谋县,2
411522,光山县,2
440311,光明区,2
350723,光泽县,2
150425,克什克腾旗,2
370812,兖州区,2
450324,全州县,2
421022,公安县,2
533325,兰坪白族普米族自治县,2
141123,兴县,2
360732,兴国县,2
211481,兴城市,2
441481,兴宁市,2
450325,兴安县,2
230407,兴山区,2
420526,兴山县,2
640104,兴庆区,2
130822,兴隆县,2
131103,冀州区,2
130523,内丘县,2
411325,内乡县,2
522327,册亨县,2
513433,冕宁县,2
220122,农安县,2
620602,凉州区,2
210703,凌河区,2
210781,凌海市,2
211382,凌源市,2
520327,凤冈县,2
433123,凤凰县,2
610330,凤县,2
210682,凤城市,2
410704,凤泉区,2
422802,利川市,2
370522,利津县,2
341623,利辛县,2
640302,利通区,2
220721,前郭尔罗斯蒙古族自治县,2
522629,剑河县,2
510823,剑阁县,2
540528,加查县,2
532822,勐海县,2
532823,勐腊县,2
150922,化德县,2
410503,北关区,2
510726,北川羌族自治县,2
231202,北林区,2
450981,北流市,2
210782,北镇市,2
610328,千阳县,2
620881,华亭市,2
530723,华坪县,2
530424,华宁县,2
430623,华容县,2
610582,华阴市,2
410902,华龙区,2
150921,卓资县,2
371722,单县,2
361023,南丰县,2
451221,南丹县,2
532324,南华县,2
430921,南县,2
411321,南召县,2
361021,南城县,2
130581,南宫市,2
360703,南康区,2
511922,南江县,2
440605,南海区,2
420624,南漳县,2
130927,南皮县,2
211404,南票区,2
210505,南芬区,2
511321,南部县,2
370304,博山区,2
652829,博湖县,2
450923,博白县,2
130637,博野县,2
540302,卡若区,2
411224,卢氏县,2
411303,卧龙区,2
410403,卫东区,2
410703,卫滨区,2
410781,卫辉市,2
610203,印台区,2
520625,印江土家族苗族自治县,2
640402,原州区,2
140981,原平市,2
230113,双城区,2
532322,双柏县,2
659007,双河市,2
431123,双牌县,2
220382,双辽市,2
510524,叙永县,2
450303,叠彩区,2
433126,古丈县,2
141025,古县,2
210702,古塔区,2
510525,古蔺县,2
659008,可克达拉市,2
210321,台安县,2
440781,台山市,2
350103,台江区,2
522630,台江县,2
140623,右玉县,2
623001,合作市,2
451381,合山市,2
510522,合江县,2
450521,合浦县,2
610524,合阳县,2
141028,吉县,2
654326,吉木乃县,2
360822,吉水县,2
632301,同仁市,2
640324,同心县,2
230881,同江市,2
610829,吴堡县,2
130928,吴桥县,2
610626,吴起县,2
610124,周至县,2
230111,呼兰区,2
652323,呼图壁县,2
654226,和布克赛尔蒙古自治县,2
210102,和平区,2
441624,和平县,2
150123,和林格尔县,2
653201,和田市,2
652828,和硕县,2
652827,和静县,2
140723,和顺县,2
422826,咸丰县,2
654324,哈巴河县,2
130627,唐县,2
411328,唐河县,2
411524,商城县,2
611002,商州区,2
411623,商水县,2
370126,商河县,2
653101,喀什市,2
513432,喜德县,2
620200,嘉峪关市,2
542523,噶尔县,2
230505,四方台区,2
150103,回民区,2
411525,固始县,2
131022,固安县,2
150222,固阳县,2
150221,土默特右旗,2
150121,土默特左旗,2
440310,坪山区,2
140827,垣曲县,2
620102,城关区,2
140502,城区,2
140302,城区,2
500229,城口县,2
230306,城子河区,2
430529,城步苗族自治县,2
540127,墨竹工卡县,2
140828,夏县,2
371427,夏津县,2
411426,夏邑县,2
152531,多伦县,2
210104,大东区,2
360723,大余县,2
451229,大化瑶族自治县,2
230606,大同区,2
130425,大名县,2
131025,大城县,2
441422,大埔县,2
532326,大姚县,2
220882,大安市,2
420922,大悟县,2
451424,大新县,2
640202,大武口区,2
532901,大理市,2
210882,大石桥市,2
630121,大通回族土族自治县,2
511825,天全县,2
632823,天峻县,2
522627,天柱县,2
451425,天等县,2
140222,天镇县,2
152527,太仆寺旗,2
610331,太白县,2
140703,太谷区,2
652325,奇台县,2
360921,奉新县,2
654003,奎屯市,2
440222,始兴县,2
530629,威信县,2
130533,威县,2
520526,威宁彝族回族苗族自治县,2
361130,婺源县,2
610681,子长市,2
141181,孝义市,2
420902,孝南区,2
130930,孟村回族自治县,2
530827,孟连傣族拉祜族佤族自治县,2
150429,宁城县,2
231084,宁安市,2
610726,宁强县,2
451422,宁明县,2
140925,宁武县,2
371422,宁津县,2
530821,宁洱哈尼族彝族自治县,2
360730,宁都县,2
370921,宁阳县,2
610923,宁陕县,2
370784,安丘市,2
431028,安仁县,2
430923,安化县,2
222426,安图县,2
620105,安宁区,2
621102,安定区,2
131125,安平县,2
130632,安新县,2
141026,安泽县,2
360829,安福县,2
231281,安达市,2
360726,安远县,2
410522,安阳县,2
420982,安陆市,2
130626,定兴县,2
130682,定州市,2
140921,定襄县,2
341125,定远县,2
411302,宛城区,2
610222,宜君县,2
420684,宜城市,2
530125,宜良县,2
511827,宝兴县,2
440306,宝安区,2
230506,宝山区,2
230523,宝清县,2
130705,宣化区,2
530381,宣威市,2
422825,宣恩县,2
450921,容县,2
210624,宽甸满族自治县,2
532924,宾川县,2
340826,宿松县,2
110118,密云区,2
451123,富川瑶族自治县,2
610528,富平县,2
230206,富拉尔基区,2
530124,富民县,2
530325,富源县,2
654322,富蕴县,2
230882,富锦市,2
150926,察哈尔右翼前旗,2
150928,察哈尔右翼后旗,2
654022,察布查尔锡伯自治县,2
360734,寻乌县,2
530129,寻甸回族彝族自治县,2
340422,寿县,2
140725,寿阳县,2
410727,封丘县,2
441225,封开县,2
652823,尉犁县,2
230502,尖山区,2
140108,尖草坪区,2
130725,尚义县,2
141002,尧都区,2
511529,屏山县,2
469022,屯昌县,2
410603,山城区,2
410811,山阳区,2
611024,山阳县,2
140621,山阴县,2
522626,岑巩县,2
450481,岑溪市,2
141127,岚县,2
610925,岚皋县,2
140929,岢岚县,2
210323,岫岩满族自治县,2
230503,岭东区,2
653128,岳普湖县,2
340828,岳西县,2
530426,峨山彝族自治县,2
511132,峨边彝族自治县,2
620802,崆峒区,2
360725,崇义县,2
620823,崇信县,2
130709,崇礼区,2
421223,崇阳县,2
410325,嵩县,2
532927,巍山彝族回族自治县,2
411602,川汇区,2
140226,左云县,2
140722,左权县,2
530622,巧家县,2
371724,巨野县,2
130529,巨鹿县,2
500237,巫山县,2
500238,巫溪县,2
422823,巴东县,2
451227,巴马瑶族自治县,2
654321,布尔津县,2
530323,师宗县,2
450330,平乐县,2
610926,平利县,2
371426,平原县,2
522727,平塘县,2
140321,平定县,2
130131,平山县,2
370283,平度市,2
511923,平昌县,2
430626,平江县,2
640221,平罗县,2
441426,平远县,2
371326,平邑县,2
361103,广丰区,2
532627,广南县,2
441223,广宁县,2
130531,广宗县,2
130432,广平县,2
361030,广昌县,2
421381,广水市,2
622924,广河县,2
210283,庄河市,2
371423,庆云县,2
331126,庆元县,2
621021,庆城县,2
652902,库车市,2
140622,应县,2
513301,康定市,2
210123,康平县,2
222401,延吉市,2
610622,延川县,2
410726,延津县,2
422822,建始县,2
532524,建水县,2
330824,开化县,2
211282,开原市,2
440783,开平市,2
532502,开远市,2
150523,开鲁县,2
361126,弋阳县,2
211005,弓长岭区,2
130722,张北县,2
532925,弥渡县,2
500243,彭水苗族土家族自治县,2
440825,徐闻县,2
632802,德令哈市,2
451024,德保县,2
361181,德兴市,2
220183,德惠市,2
513424,德昌县,2
621227,徽县,2
341004,徽州区,2
610625,志丹县,2
500233,忠县,2
451321,忻城县,2
140902,忻府区,2
130728,怀安县,2
130730,怀来县,2
110116,怀柔区,2
441224,怀集县,2
350203,思明区,2
530802,思茅区,2
230303,恒山区,2
440785,恩平市,2
422801,恩施市,2
450332,恭城瑶族自治县,2
411528,息县,2
640205,惠农区,2
441302,惠城区,2
410108,惠济区,2
430821,慈利县,2
621221,成县,2
371723,成武县,2
150703,扎赉诺尔区,2
150526,扎鲁特旗,2
150122,托克托县,2
650422,托克逊县,2
220781,扶余市,2
411621,扶沟县,2
130821,承德县,2
220621,抚松县,2
210421,抚顺县,2
370685,招远市,2
652926,拜城县,2
210603,振兴区,2
210604,振安区,2
430223,攸县,2
350725,政和县,2
131126,故城县,2
222403,敦化市,2
620982,敦煌市,2
131026,文安县,2
410502,文峰区,2
371003,文登区,2
440233,新丰县,2
130184,新乐市,2
410721,新乡县,2
230902,新兴区,2
431322,新化县,2
410402,新华区,2
411523,新县,2
652925,新和县,2
150102,新城区,2
430528,新宁县,2
150727,新巴尔虎右旗,2
150726,新巴尔虎左旗,2
360824,新干县,2
530427,新平彝族傣族自治县,2
210402,新抚区,2
210181,新民市,2
130530,新河县,2
370982,新泰市,2
431128,新田县,2
140825,新绛县,2
411329,新野县,2
141128,方山县,2
530521,施甸县,2
522623,施秉县,2
341825,旌德县,2
130130,无极县,2
510821,旺苍县,2
230205,昂昂溪区,2
150203,昆都仑区,2
370725,昌乐县,2
652301,昌吉市,2
530524,昌宁县,2
220202,昌邑区,2
350421,明溪县,2
130633,易县,2
530425,易门县,2
140724,昔阳县,2
510811,昭化区,2
451121,昭平县,2
350582,晋江市,2
140110,晋源区,2
210214,普兰店区,2
522323,普安县,2
513428,普格县,2
131127,景县,2
331127,景宁畲族自治县,2
532801,景洪市,2
522324,晴隆县,2
130435,曲周县,2
540124,曲水县,2
440205,曲江区,2
141021,曲沃县,2
370881,曲阜市,2
130634,曲阳县,2
371721,曹县,2
140602,朔城区,2
210404,望花区,2
522326,望谟县,2
130631,望都县,2
510812,朝天区,2
211321,朝阳县,2
652328,木垒哈萨克自治县,2
140107,杏花岭区,2
410221,杞县,2
150625,杭锦旗,2
150404,松山区,2
520628,松桃苗族自治县,2
421087,松滋市,2
410581,林州市,2
150424,林西县,2
340722,枞阳县,2
131121,枣强县,2
420683,枣阳市,2
130524,柏乡县,2
411424,柘城县,2
611026,柞水县,2
450222,柳城县,2
141125,柳林县,2
632801,格尔木市,2
410324,栾川县,2
431027,桂东县,2
431021,桂阳县,2
430922,桃江县,2
430725,桃源县,2
411330,桐柏县,2
540523,桑日县,2
430822,桑植县,2
540202,桑珠孜区,2
210522,桓仁满族自治县,2
230826,桦川县,2
411402,梁园区,2
370832,梁山县,2
441403,梅县区,2
441402,梅江区,2
220581,梅河口市,2
230305,梨树区,2
220322,梨树县,2
620123,榆中县,2
220182,榆树市,2
140702,榆次区,2
140721,榆社县,2
445202,榕城区,2
522632,榕江县,2
341021,歙县,2
152530,正蓝旗,2
510107,武侯区,2
371428,武城县,2
360423,武宁县,2
130481,武安市,2
532329,武定县,2
620524,武山县,2
131123,武强县,2
621202,武都区,2
430811,武陵源区,2
500156,武隆区,2
410505,殷都区,2
620722,民乐县,2
630222,民和回族土族自治县,2
520221,水城区,2
360825,永丰县,2
431023,永兴县,2
220221,永吉县,2
530625,永善县,2
610426,永寿县,2
532928,永平县,2
360830,永新县,2
620121,永登县,2
450326,永福县,2
433127,永顺县,2
430722,汉寿县,2
610921,汉阴县,2
431026,汝城县,2
431129,江华瑶族自治县,2
520621,江口县,2
330881,江山市,2
530403,江川区,2
431125,江永县,2
440704,江海区,2
513221,汶川县,2
140521,沁水县,2
140431,沁源县,2
371323,沂水县,2
370323,沂源县,2
430981,沅江市,2
431222,沅陵县,2
210103,沈河区,2
640502,沙坡头区,2
210204,沙河口区,2
130582,沙河市,2
420822,沙洋县,2
654223,沙湾市,2
530927,沧源佤族自治县,2
321322,沭阳县,2
370503,河口区,2
532532,河口瑶族自治县,2
140930,河曲县,2
140882,河津市,2
130984,河间市,2
130981,泊头市,2
210124,法库县,2
370831,泗水县,2
321324,泗洪县,2
350429,泰宁县,2
513322,泸定县,2
533301,泸水市,2
433122,泸溪县,2
532527,泸西县,2
140525,泽州县,2
610723,洋县,2
610629,洛川县,2
653224,洛浦县,2
430525,洞口县,2
431281,洪江市,2
220802,洮北区,2
220881,洮南市,2
532930,洱源县,2
440204,浈江区,2
411502,浉河区,2
419001,济源市,2
220602,浑江区,2
140225,浑源县,2
421125,浠水县,2
450722,浦北县,2
350722,浦城县,2
130924,海兴县,2
150302,海勃湾区,2
150303,海南区,2
210381,海城市,2
150702,海拉尔区,2
632223,海晏县,2
440105,海珠区,2
370687,海阳市,2
130426,涉县,2
130623,涞水县,2
130630,涞源县,2
341621,涡阳县,2
410305,涧西区,2
130681,涿州市,2
130731,涿鹿县,2
370302,淄川区,2
411326,淅川县,2
411527,淮滨县,2
130128,深泽县,2
610430,淳化县,2
140121,清徐县,2
620521,清水县,2
150124,清水河县,2
211204,清河区,2
130534,清河县,2
210905,清河门区,2
350423,清流县,2
411221,渑池县,2
652922,温宿县,2
621123,渭源县,2
450802,港北区,2
411202,湖滨区,2
350206,湖里区,2
360313,湘东区,2
445102,湘桥区,2
410411,湛河区,2
630123,湟源县,2
431224,溆浦县,2
441602,源城区,2
411102,源汇区,2
410526,滑县,2
370481,滕州市,2
150781,满洲里市,2
130824,滦平县,2
320922,滨海县,2
230304,滴道区,2
532922,漾濞彝族自治县,2
140403,潞州区,2
411526,潢川县,2
440514,潮南区,2
445103,潮安区,2
440513,潮阳区,2
610522,潼关县,2
440515,澄海区,2
340621,濉溪县,2
410304,瀍河回族区,2
320723,灌云县,2
450327,灌阳县,2
411282,灵宝市,2
130126,灵寿县,2
450721,灵山县,2
341323,灵璧县,2
430225,炎陵县,2
652826,焉耆回族自治县,2
231004,爱民区,2
231102,爱辉区,2
532323,牟定县,2
410711,牧野区,2
130929,献县,2
361123,玉山县,2
150104,玉泉区,2
620981,玉门市,2
530721,玉龙纳西族自治县,2
652324,玛纳斯县,2
621022,环县,2
451226,环江毛南族自治县,2
222404,珲春市,2
513222,理县,2
469030,琼中黎族苗族自治县,2
460107,琼山区,2
533102,瑞丽市,2
360781,瑞金市,2
620922,瓜州县,2
210281,瓦房店市,2
513328,甘孜县,2
620702,甘州区,2
610627,甘泉县,2
620523,甘谷县,2
610727,略阳县,2
440113,番禺区,2
653122,疏勒县,2
653121,疏附县,2
410185,登封市,2
440111,白云区,2
211002,白塔区,2
610527,白水县,2
469025,白沙黎族自治县,2
610929,白河县,2
650204,白碱滩区,2
620402,白银区,2
210105,皇姑区,2
140322,盂县,2
130925,盐山县,2
140802,盐湖区,2
513423,盐源县,2
510422,盐边县,2
421023,监利市,2
210881,盖州市,2
530103,盘龙区,2
411422,睢县,2
411403,睢阳区,2
341722,石台县,2
360735,石城县,2
532525,石屏县,2
530126,石林彝族自治县,2
610922,石泉县,2
430726,石门县,2
520623,石阡县,2
421081,石首市,2
410404,石龙区,2
140303,矿区,2
532622,砚山县,2
130427,磁县,2
220284,磐石市,2
150822,磴口县,2
610425,礼泉县,2
411327,社旗县,2
430426,祁东县,2
140727,祁县,2
140927,神池县,2
532923,祥云县,2
532331,禄丰市,2
530128,禄劝彝族苗族自治县,2
440604,禅城区,2
654323,福海县,2
371482,禹城市,2
410205,禹王台区,2
141102,离石区,2
450302,秀峰区,2
152221,科尔沁右翼前旗,2
150522,科尔沁左翼后旗,2
620502,秦州区,2
420527,秭归县,2
210304,立山区,2
210802,站前区,2
441202,端州区,2
511527,筠连县,2
610827,米脂县,2
652722,精河县,2
441621,紫金县,2
620111,红古区,2
530402,红塔区,2
421122,红安县,2
640303,红寺堡区,2
150402,红山区,2
410702,红旗区,2
520525,纳雍县,2
140826,绛县,2
211421,绥中县,2
610826,绥德县,2
231081,绥芬河市,2
533423,维西傈僳族自治县,2
451225,罗城仫佬族自治县,2
445381,罗定市,2
411521,罗山县,2
440303,罗湖区,2
421123,罗田县,2
522728,罗甸县,2
150426,翁牛特旗,2
410302,老城区,2
430481,耒阳市,2
530926,耿马傣族佤族自治县,2
620923,肃北蒙古族自治县,2
620721,肃南裕固族自治县,2
620902,肃州区,2
231282,肇东市,2
370983,肥城市,2
659010,胡杨河市,2
530581,腾冲市,2
220283,舒兰市,2
410481,舞钢市,2
411121,舞阳县,2
540602,色尼区,2
533103,芒市,2
140830,芮城县,2
433124,花垣县,2
431228,芷江侗族自治县,2
152523,苏尼特左旗,2
652824,若羌县,2
653123,英吉沙县,2
421124,英山县,2
440902,茂南区,2
513223,茂县,2
230904,茄子河区,2
430224,茶陵县,2
522722,荔波县,2
440103,荔湾区,2
371082,荣成市,2
653125,莎车县,2
371122,莒县,2
370683,莱州市,2
370285,莱西市,2
370682,莱阳市,2
360321,莲花县,2
450423,蒙山县,2
371328,蒙阴县,2
610526,蒲城县,2
431127,蓝山县,2
440703,蓬江区,2
441427,蕉岭县,2
421126,蕲春县,2
230381,虎林市,2
450224,融安县,2
450225,融水苗族自治县,2
130635,蠡县,2
130125,行唐县,2
430424,衡东县,2
430421,衡阳县,2
140423,襄垣县,2
152526,西乌珠穆沁旗,2
610724,西乡县,2
450107,西乡塘区,2
510403,西区,2
411622,西华县,2
621225,西和县,2
620104,西固区,2
231005,西安区,2
530112,西山区,2
210203,西岗区,2
411323,西峡县,2
410303,西工区,2
513401,西昌市,2
410802,解放区,2
370782,诸城市,2
211281,调兵山市,2
420625,谷城县,2
450304,象山区,2
540522,贡嘎县,2
632523,贵德县,2
640122,贺兰县,2
431081,资兴市,2
450329,资源县,2
361028,资溪县,2
130129,赞皇县,2
440802,赤坎区,2
520527,赫章县,2
130133,赵县,2
220523,辉南县,2
410782,辉县市,2
130181,辛集市,2
210115,辽中区,2
211021,辽阳县,2
650107,达坂城区,2
150223,达尔罕茂明安联合旗,2
511703,达川区,2
150621,达拉特旗,2
130283,迁安市,2
140106,迎泽区,2
360124,进贤县,2
441826,连南瑶族自治县,2
211402,连山区,2
441825,连山壮族瑶族自治县,2
441882,连州市,2
441623,连平县,2
421222,通城县,2
421224,通山县,2
530423,通海县,2
410222,通许县,2
431230,通道侗族自治县,2
360827,遂川县,2
431124,道县,2
130281,遵化市,2
451026,那坡县,2
130430,邱县,2
430523,邵阳县,2
370883,邹城市,2
445322,郁南县,2
230811,郊区,2
140311,郊区,2
410425,郏县,2
420304,郧阳区,2
360428,都昌县,2
411103,郾城区,2
150623,鄂托克前旗,2
150624,鄂托克旗,2
371726,鄄城县,2
361128,鄱阳县,2
500242,酉阳土家族苗族自治县,2
370828,金乡县,2
640106,金凤区,2
511113,金口河区,2
620921,金塔县,2
620302,金川区,2
440511,金平区,2
410105,金水区,2
510106,金牛区,2
451324,金秀瑶族自治县,2
420881,钟祥市,2
370117,钢城区,2
450703,钦北区,2
210302,铁东区,2
210106,铁西区,2
210303,铁西区,2
360926,铜鼓县,2
540530,错那县,2
522628,锦屏县,2
621027,镇原县,2
411324,镇平县,2
530924,镇康县,2
530825,镇沅彝族哈尼族拉祜族自治县,2
530627,镇雄县,2
152528,镶黄旗,2
220722,长岭县,2
350821,长汀县,2
220623,长白朝鲜族自治县,2
420528,长阳土家族自治县,2
110109,门头沟区,2
140823,闻喜县,2
131128,阜城县,2
130624,阜平县,2
130727,阳原县,2
140522,阳城县,2
441823,阳山县,2
231003,阳明区,2
441781,阳春市,2
140122,阳曲县,2
620924,阿克塞哈萨克族自治县,2
652901,阿克苏市,2
654301,阿勒泰市,2
230112,阿城区,2
152522,阿巴嘎旗,2
152922,阿拉善右旗,2
152921,阿拉善左旗,2
659002,阿拉尔市,2
652928,阿瓦提县,2
530322,陆良县,2
610327,陇县,2
533124,陇川县,2
621122,陇西县,2
150725,陈巴尔虎旗,2
140524,陵川县,2
130825,隆化县,2
430524,隆回县,2
450123,隆安县,2
130525,隆尧县,2
640423,隆德县,2
451031,隆林各族自治县,2
530502,隆阳区,2
421321,随县,2
130638,雄县,2
150902,集宁区,2
522634,雷山县,2
440882,雷州市,2
513437,雷波县,2
654023,霍城县,2
341525,霍山县,2
440803,霞山区,2
131081,霸州市,2
130922,青县,2
150204,青山区,2
370781,青州市,2
510105,青羊区,2
640381,青铜峡市,2
130321,青龙满族自治县,2
220622,靖宇县,2
360925,靖安县,2
431229,靖州苗族侗族自治县,2
140926,静乐县,2
610581,韩城市,2
411681,项城市,2
440606,顺德区,2
410203,顺河回族区,2
152923,额济纳旗,2
130433,馆陶县,2
533401,香格里拉市,2
532625,马关县,2
513201,马尔康市,2
450124,马山县,2
410804,马村区,2
511133,马边彝族自治县,2
371526,高唐县,2
370785,高密市,2
140581,高平市,2
650402,高昌区,2
130684,高碑店市,2
130628,高阳县,2
370322,高青县,2
130434,魏县,2
411002,魏都区,2
370827,鱼台县,2
410423,鲁山县,2
350502,鲤城区,2
410602,鹤山区,2
440784,鹤山市,2
422828,鹤峰县,2
532932,鹤庆县,2
610329,麟游县,2
620503,麦积区,2
431226,麻阳苗族自治县,2
522622,黄平县,2
421127,黄梅县,2
140426,黎城县,2
361022,黎川县,2
522631,黎平县,2
410204,鼓楼区,2
222405,龙井市,2
440309,龙华区,2
370681,龙口市,2
410506,龙安区,2
433130,龙山县,2
440307,龙岗区,2
441622,龙川县,2
451423,龙州县,2
440507,龙湖区,2
220203,龙潭区,2
450328,龙胜各族自治县,2
530523,龙陵县,2
360828,万安县,3
140822,万荣县,3
652825,且末县,3
532626,丘北县,3
451224,东兰县,3
231086,东宁市,3
230406,东山区,3
150981,丰镇市,3
220681,临江市,3
150802,临河区,3
623021,临潭县,3
513323,丹巴县,3
652927,乌什县,3
653024,乌恰县,3
513324,九龙县,3
513336,乡城县,3
371083,乳山市,3
530922,云县,3
532929,云龙县,3
150821,五原县,3
140922,五台县,3
230184,五常市,3
540233,亚东县,3
141122,交城县,3
540232,仲巴县,3
230717,伊美区,3
620422,会宁县,3
610730,佛坪县,3
360424,修水县,3
140932,偏关县,3
532528,元阳县,3
632521,共和县,3
150924,兴和县,3
632524,兴海县,3
150925,凉城县,3
451027,凌云县,3
451223,凤山县,3
530921,凤庆县,3
632224,刚察县,3
232718,加格达奇区,3
630224,化隆回族自治县,3
231181,北安市,3
623022,卓尼县,3
532926,南涧彝族自治县,3
530925,双江拉祜族佤族布朗族傣族自治县,3
140181,古交市,3
620622,古浪县,3
632522,同德县,3
622925,和政县,3
222406,和龙市,3
611023,商南县,3
150428,喀喇沁旗,3
150929,四子王旗,3
130828,围场满族蒙古族自治县,3
222402,图们市,3
653131,塔什库尔干塔吉克自治县,3
530822,墨江哈尼族自治县,3
653222,墨玉县,3
540423,墨脱县,3
140427,壶关县,3
623027,夏河县,3
530624,大关县,3
141030,大宁县,3
610523,大荔县,3
451222,天峨县,3
620623,天祝藏族自治县,3
150525,奈曼旗,3
532325,姚安县,3
140123,娄烦县,3
610831,子洲县,3
621026,宁县,3
530724,宁蒗彝族自治县,3
621223,宕昌县,3
610630,宜川县,3
361026,宜黄县,3
230125,宾县,3
230382,密山市,3
532628,富宁县,3
230227,富裕县,3
513227,小金县,3
230183,尚志市,3
532523,屏边苗族自治县,3
620725,山丹县,3
540237,岗巴县,3
621126,岷县,3
360823,峡江县,3
540421,工布江达县,3
513335,巴塘县,3
230126,巴彦县,3
150423,巴林右旗,3
150422,巴林左旗,3
653130,巴楚县,3
513429,布拖县,3
620403,平川区,3
510727,平武县,3
140728,平遥县,3
140829,平陆县,3
140425,平顺县,3
140223,广灵县,3
620825,庄浪县,3
150524,库伦旗,3
622922,康乐县,3
621224,康县,3
211322,建平县,3
540122,当雄县,3
530628,彝良县,3
640425,彭阳县,3
210922,彰武县,3
513338,得荣县,3
630225,循化撒拉族自治县,3
533422,德钦县,3
420325,房县,3
150783,扎兰屯市,3
540521,扎囊县,3
152223,扎赉特旗,3
654224,托里县,3
230883,抚远市,3
230231,拜泉县,3
150430,敖汉旗,3
210422,新宾满族自治县,3
654025,新源县,3
140212,新荣区,3
542524,日土县,3
610429,旬邑县,3
610928,旬阳市,3
211224,昌图县,3
513431,昭觉县,3
620423,景泰县,3
530824,景谷傣族彝族自治县,3
540525,曲松县,3
540426,朗县,3
230127,木兰县,3
513422,木里藏族自治县,3
210521,本溪满族自治县,3
230624,杜尔伯特蒙古族自治县,3
150826,杭锦后旗,3
513224,松潘县,3
540121,林周县,3
652929,柯坪县,3
220524,柳河县,3
370686,栖霞市,3
220282,桦甸市,3
533122,梁河县,3
230208,梅里斯达斡尔族区,3
621025,正宁县,3
152529,正镶白旗,3
140429,武乡县,3
150125,武川县,3
653227,民丰县,3
620621,民勤县,3
532327,永仁县,3
141032,永和县,3
530923,永德县,3
620321,永昌县,3
140881,永济市,3
530722,永胜县,3
622923,永靖县,3
530826,江城哈尼族彝族自治县,3
540222,江孜县,3
540321,江达县,3
230828,汤原县,3
230723,汤旺县,3
222424,汪清县,3
141182,汾阳市,3
140430,沁县,3
632324,河南蒙古族自治县,3
130724,沽源县,3
540424,波密县,3
230224,泰来县,3
632323,泽库县,3
653124,泽普县,3
620821,泾川县,3
640424,泾源县,3
540329,洛隆县,3
141024,洪洞县,3
141027,浮山县,3
640522,海原县,3
231083,海林市,3
632825,海西蒙古族藏族自治州直辖,3
210423,清原满族自治县,3
610830,清涧县,3
652723,温泉县,3
621125,漳县,3
610525,澄城县,3
530828,澜沧拉祜族自治县,3
620822,灵台县,3
150782,牙克石市,3
632701,玉树市,3
623025,玛曲县,3
632621,玛沁县,3
513435,甘洛县,3
451029,田林县,3
610729,留坝县,3
540228,白朗县,3
513331,白玉县,3
533123,盈江县,3
623026,碌曲县,3
230207,碾子山区,3
632222,祁连县,3
341024,祁门县,3
152222,科尔沁右翼中旗,3
150521,科尔沁左翼中旗,3
140824,稷山县,3
513337,稻城县,3
231085,穆棱市,3
152224,突泉县,3
420323,竹山县,3
420324,竹溪县,3
540422,米林县,3
610924,紫阳县,3
140924,繁峙县,3
513233,红原县,3
532529,红河县,3
430527,绥宁县,3
540235,聂拉木县,3
230621,肇州县,3
230622,肇源县,3
513333,色达县,3
540328,芒康县,3
450421,苍梧县,3
152524,苏尼特右旗,3
513232,若尔盖县,3
632803,茫崖市,3
150722,莫力达瓦达斡尔族自治旗,3
540224,萨迦县,3
141033,蒲县,3
220281,蛟河市,3
654225,裕民县,3
141023,襄汾县,3
640422,西吉县,3
451030,西林县,3
532623,西畴县,3
230281,讷河市,3
533324,贡山独龙族怒族自治县,3
540322,贡觉县,3
513434,越西县,3
652822,轮台县,3
431223,辰溪县,3
623024,迭部县,3
220521,通化县,3
220822,通榆县,3
511921,通江县,3
513326,道孚县,3
420322,郧西县,3
632822,都兰县,3
451228,都安瑶族自治县,3
150724,鄂温克族自治旗,3
650421,鄯善县,3
532530,金平苗族瑶族傣族自治县,3
361027,金溪县,3
513430,金阳县,3
230781,铁力市,3
610927,镇坪县,3
611025,镇安县,3
610728,镇巴县,3
220821,镇赉县,3
210224,长海县,3
210921,阜新蒙古族自治县,3
140221,阳高县,3
653022,阿克陶县,3
653023,阿合奇县,3
653001,阿图什市,3
513231,阿坝县,3
150421,阿鲁科尔沁旗,3
141031,隰县,3
513325,雅江县,3
220582,集安市,3
230521,集贤县,3
141082,霍州市,3
231223,青冈县,3
510822,青川县,3
654325,青河县,3
620421,靖远县,3
620826,静宁县,3
130636,顺平县,3
150784,额尔古纳市,3
654221,额敏县,3
620724,高台县,3
230321,鸡东县,3
653127,麦盖提县,3
230307,麻山区,3
532624,麻栗坡县,3
341003,黄山区,3
210726,黑山县,3
513228,黑水县,3
341023,黟县,3
230221,龙江县,3
540324,丁青县,4
622926,东乡族自治县,4
621228,两当县,4
230724,丰林县,4
632625,久治县,4
230718,乌翠区,4
653226,于田县,4
231182,五大连池市,4
540229,仁布县,4
230123,依兰县,4
230223,依安县,4
230230,克东县,4
230229,克山县,4
540326,八宿县,4
231222,兰西县,4
230921,勃利县,4
211381,北票市,4
230726,南岔县,4
540221,南木林县,4
230719,友好区,4
230522,友谊县,4
540630,双湖县,4
653126,叶城县,4
540234,吉隆县,4
232721,呼玛县,4
653221,和田县,4
150923,商都县,4
211324,喀喇沁左翼蒙古族自治县,4
230722,嘉荫县,4
540621,嘉黎县,4
632725,囊谦县,4
232722,塔河县,4
513230,壤塘县,4
230725,大箐山县,4
231183,嫩江市,4
231124,孙吴县,4
540624,安多县,4
540223,定日县,4
540231,定结县,4
150927,察哈尔右翼中旗,4
540425,察隅县,4
540325,察雅县,4
654028,尼勒克县,4
540123,尼木县,4
540629,尼玛县,4
540327,左贡县,4
654024,巩留县,4
650521,巴里坤哈萨克自治县,4
540628,巴青县,4
231224,庆安县,4
130723,康保县,4
540230,康马县,4
230129,延寿县,4
211422,建昌县,4
620525,张家川回族自治县,4
513330,德格县,4
540225,拉孜县,4
542527,措勤县,4
540526,措美县,4
542526,改则县,4
621222,文县,4
141121,文水县,4
513329,新龙县,4
230124,方正县,4
540226,昂仁县,4
231225,明水县,4
654026,昭苏县,4
542521,普兰县,4
530823,景东彝族自治县,4
632726,曲麻莱县,4
231221,望奎县,4
542522,札达县,4
632722,杂多县,4
231025,林口县,4
230623,林甸县,4
150785,根河市,4
230822,桦南县,4
540622,比如县,4
220605,江源区,4
141034,汾西县,4
632724,治多县,4
611021,洛南县,4
540527,洛扎县,4
540531,浪卡子县,4
231283,海伦市,4
232701,漠河市,4
140224,灵丘县,4
513327,炉霍县,4
654027,特克斯县,4
632626,玛多县,4
540627,班戈县,4
632622,班玛县,4
513334,理塘县,4
540524,琼结县,4
230225,甘南县,4
632623,甘德县,4
540625,申扎县,4
653223,皮山县,4
530623,盐津县,4
141126,石楼县,4
513332,石渠县,4
621226,礼县,4
429021,神农架林区,4
533323,福贡县,4
620522,秦安县,4
622927,积石山保安族东乡族撒拉族自治县,4
632723,称多县,4
653225,策勒县,4
540323,类乌齐县,4
540626,索县,4
231226,绥棱县,4
230422,绥滨县,4
532531,绿春县,4
513436,美姑县,4
141022,翼城县,4
540623,聂荣县,4
623023,舟曲县,4
230421,萝北县,4
540236,萨嘎县,4
130726,蔚县,4
211223,西丰县,4
530829,西盟佤族自治县,4
540227,谢通门县,4
632525,贵南县,4
130732,赤城县,4
540330,边坝县,4
632624,达日县,4
231123,逊克县,4
230128,通河县,4
621121,通渭县,4
150723,鄂伦春自治旗,4
513226,金川县,4
230751,金林区,4
632221,门源回族自治县,4
152202,阿尔山市,4
150721,阿荣旗,4
540529,隆子县,4
542525,革吉县,4
230524,饶河县,4
610631,黄龙县,4
